Mnemonic,Addr. Mode,Opcode,Orig Cycles,New Cycles,# Bytes,N,V,B,D,I,Z,C,MC Step,Done,Addr_Op,Din_Le,Rd_En,Dout_op,Dint1_Op,Dint2_Op,Dint3_Op,PC_Op,SP_Op,Alu1,Alu2,ALU_OP,A_Le,X_Le,Y_Le,Flag_Op
Default,,,,,,,,,,,,,,nop,nop,nop,nop,nop,nop,nop,nop,nop,nop,a_reg,din,pass1,nop,nop,nop,nop
ADC,ABS,6D,4,5,3,N,V,,,,Z,C,0,,pc_p,en,read,,,,,inc,,,,,,,,
,,,,,,,,,,,,,1,,,en,,,din,,,inc,,,,,,,,
,,,,,,,,,,,,,2,,split,,read,,,,,,,,,,,,,
,,,,,,,,,,,,,3,done,,en,,,,,,,,,,,,,,
,,,,,,,,,,,,,4,,,,,,,,,,,a_reg,din,addc,le,,,nvzc
ADC,"ABS,X",7D,4,5,3,N,V,,,,Z,C,0,,pc_p,en,read,,,,,inc,,,,,,,,
,,,,,,,,,,,,,1,,,en,,,din,,,inc,,,,,,,,
,,,,,,,,,,,,,2,,split_x,,read,,,,,,,,,,,,,
,,,,,,,,,,,,,3,done,,en,,,,,,,,,,,,,,
,,,,,,,,,,,,,4,,,,,,,,,,,a_reg,din,addc,le,,,nvzc
ADC,"ABS,Y",79,4,5,3,N,V,,,,Z,C,0,,pc_p,en,read,,,,,inc,,,,,,,,
,,,,,,,,,,,,,1,,,en,,,din,,,inc,,,,,,,,
,,,,,,,,,,,,,2,,split_y,,read,,,,,,,,,,,,,
,,,,,,,,,,,,,3,done,,en,,,,,,,,,,,,,,
,,,,,,,,,,,,,4,,,,,,,,,,,a_reg,din,addc,le,,,nvzc
ADC,IMM,69,2,3,2,N,V,,,,Z,C,0,,,en,,,,,,inc,,,,,,,,
,,,,,,,,,,,,,1,done,,,,,,,,,,a_reg,din,addc,le,,,nvzc
,,,,,,,,,,,,,2,,,,,,,,,,,,,,,,,
ADC,"(IND,X)",61,6,7,2,N,V,,,,Z,C,0,,,en,,,,,,inc,,,,,,,,
,,,,,,,,,,,,,1,,din_zx,,read,,,,,,,,,,,,,
,,,,,,,,,,,,,2,,din_zxp,en,read,,,, ,,,,,,,,,
,,,,,,,,,,,,,3,,,en,,,din,,,,,,,,,,,
,,,,,,,,,,,,,4,,split,,read,,,,,,,,,,,,,
,,,,,,,,,,,,,5,done,,en,,,,,,,,,,,,,,
,,,,,,,,,,,,,6,,,,,,,,,,,a_reg,din,addc,le,,,nvzc
ADC,"(IND),Y",71,5,7,2,N,V,,,,Z,C,0,,,en,,,,,,inc,,,,,,,,
,,,,,,,,,,,,,1,,din_z,,read,,,,,,,,,,,,,
,,,,,,,,,,,,,2,,din_zp,en,read,,,,,,,,,,,,,
,,,,,,,,,,,,,3,,,en,,,din,,,,,,,,,,,
,,,,,,,,,,,,,4,,split_y,,read,,,,,,,,,,,,,
,,,,,,,,,,,,,5,done,,en,,,,,,,,,,,,,,
,,,,,,,,,,,,,6,,,,,,,,,,,a_reg,din,addc,le,,,nvzc
ADC,Z-PAGE,65,3,4,2,N,V,,,,Z,C,0,,,en,,,,,,inc,,,,,,,,
,,,,,,,,,,,,,1,,din_z,,read,,,,,,,,,,,,,
,,,,,,,,,,,,,2,done,,en,,,,,,,,,,,,,,
,,,,,,,,,,,,,3,,,,,,,,,,,a_reg,din,addc,le,,,nvzc
ADC,"Z-PAGE,X",75,4,4,2,N,V,,,,Z,C,0,,,en,,,,,,inc,,,,,,,,
,,,,,,,,,,,,,1,,din_zx,,read,,,,,,,,,,,,,
,,,,,,,,,,,,,2,done, ,en,,,,,,,,,,,,,,
,,,,,,,,,,,,,3,,,,,,,,,,,a_reg,din,addc,le,,,nvzc
AND,ABS,2D,4,5,3,N,,,,,Z,,0,,pc_p,en,read,,,,,inc,,,,,,,,
,,,,,,,,,,,,,1,,,en,,,din,,,inc,,,,,,,,
,,,,,,,,,,,,,2,,split,,read,,,,,,,,,,,,,
,,,,,,,,,,,,,3,done,,en,,,,,,,,,,,,,,
,,,,,,,,,,,,,4,,,,,,,,,,,a_reg,din,bit_and,le,,,nz
AND,"ABS,X",3D,4,5,3,N,,,,,Z,,0,,pc_p,en,read,,,,,inc,,,,,,,,
,,,,,,,,,,,,,1,,,en,,,din,,,inc,,,,,,,,
,,,,,,,,,,,,,2,,split_x,,read,,,,,,,,,,,,,
,,,,,,,,,,,,,3,done,,en,,,,,,,,,,,,,,
,,,,,,,,,,,,,4,,,,,,,,,,,a_reg,din,bit_and,le,,,nz
AND,"ABS,Y",39,4,5,3,N,,,,,Z,,0,,pc_p,en,read,,,,,inc,,,,,,,,
,,,,,,,,,,,,,1,,,en,,,din,,,inc,,,,,,,,
,,,,,,,,,,,,,2,,split_y,,read,,,,,,,,,,,,,
,,,,,,,,,,,,,3,done,,en,,,,,,,,,,,,,,
,,,,,,,,,,,,,4,,,,,,,,,,,a_reg,din,bit_and,le,,,nz
AND,IMM,29,2,3,2,N,,,,,Z,,0,,,en,,,,,,inc,,,,,,,,
,,,,,,,,,,,,,1,done,,,,,,,,,,a_reg,din,bit_and,le,,,nz
,,,,,,,,,,,,,2,,,,,,,,,,,,,,,,,
AND,"(IND,X)",21,6,7,2,N,,,,,Z,,0,,,en,,,,,,inc,,,,,,,,
,,,,,,,,,,,,,1,,din_zx,,read,,,,,,,,,,,,,
,,,,,,,,,,,,,2,,din_zxp,en,read,,,, ,,,,,,,,,
,,,,,,,,,,,,,3,,,en,,,din,,,,,,,,,,,
,,,,,,,,,,,,,4,,split,,read,,,,,,,,,,,,,
,,,,,,,,,,,,,5,done,,en,,,,,,,,,,,,,,
,,,,,,,,,,,,,6,,,,,,,,,,,a_reg,din,bit_and,le,,,nz
AND,"(IND),Y",31,5,7,2,N,,,,,Z,,0,,,en,,,,,,inc,,,,,,,,
,,,,,,,,,,,,,1,,din_z,,read,,,,,,,,,,,,,
,,,,,,,,,,,,,2,,din_zp,en,read,,,,,,,,,,,,,
,,,,,,,,,,,,,3,,,en,,,din,,,,,,,,,,,
,,,,,,,,,,,,,4,,split_y,,read,,,,,,,,,,,,,
,,,,,,,,,,,,,5,done,,en,,,,,,,,,,,,,,
,,,,,,,,,,,,,6,,,,,,,,,,,a_reg,din,bit_and,le,,,nz
AND,Z-PAGE,25,3,4,2,N,,,,,Z,,0,,,en,,,,,,inc,,,,,,,,
,,,,,,,,,,,,,1,,din_z,,read,,,,,,,,,,,,,
,,,,,,,,,,,,,2,done,,en,,,,,,,,,,,,,,
,,,,,,,,,,,,,3,,,,,,,,,,,a_reg,din,bit_and,le,,,nz
AND,"Z-PAGE,X",35,4,4,2,N,,,,,Z,,0,,,en,,,,,,inc,,,,,,,,
,,,,,,,,,,,,,1,,din_zx,,read,,,,,,,,,,,,,
,,,,,,,,,,,,,2,done,,en,,,,,,,,,,,,,,
,,,,,,,,,,,,,3,,,,,,,,,,,a_reg,din,bit_and,le,,,nz
ASL,ABS,0E,6,8,3,N,,,,,Z,C,0,,pc_p,en,read,,,,,inc,,,,,,,,
,,,,,,,,,,,,,1,,,en,,,din,,,inc,,,,,,,,
,,,,,,,,,,,,,2,,split,,read,,,din,,,,,,,,,,
,,,,,,,,,,,,,3,,,en,,,,,,,,,,,,,,
,,,,,,,,,,,,,4,,,,,,,,alu,,,din, ,bit_asl,,,,nzc
,,,,,,,,,,,,,5,,dint16,,,dint3,,,,,,,,,,,,
,,,,,,,,,,,,,6,done,,,,,,,,,,,,,,,,
,,,,,,,,,,,,,7,,,,,,,,,,,,,,,,,
ASL,"ABS,X",1E,7,8,3,N,,,,,Z,C,0,,pc_p,en,read,,,,,inc,,,,,,,,
,,,,,,,,,,,,,1,,,en,,,din,,,inc,,,,,,,,
,,,,,,,,,,,,,2,,split_x,,read,,,din,,,,,,,,,,
,,,,,,,,,,,,,3,,,en,,,,,,,,,,,,,,
,,,,,,,,,,,,,4,,,,,,,,alu,,,din, ,bit_asl,,,,nzc
,,,,,,,,,,,,,5,,dint16_x,,,dint3,,,,,,,,,,,,
,,,,,,,,,,,,,6,done,,,,,,,,,,,,,,,,
,,,,,,,,,,,,,7,,,,,,,,,,,,,,,,,
ASL,ACC,0A,2,2,1,N,,,,,Z,C,0,done,,,,,,,,,,a_reg,,bit_asl,le,,,nzc
,,,,,,,,,,,,,1,,,,,,,,,,,,,,,,,
ASL,Z-PAGE,06,5,7,2,N,,,,,Z,C,0,,,en,,,,,,inc,,,,,,,,
,,,,,,,,,,,,,1,,din_z,,read,,din,,,,,,,,,,,
,,,,,,,,,,,,,2,,,en,,,,,,,,,,,,,,
,,,,,,,,,,,,,3,,,,,,,,alu,,,din,,bit_asl,,,,nzc
,,,,,,,,,,,,,4,,dint1_z,,,dint3,,,,,,,,,,,,
,,,,,,,,,,,,,5,done,,,,,,,,,,,,,,,,
,,,,,,,,,,,,,6,,,,,,,,,,,,,,,,,
ASL,"Z-PAGE,X",16,6,7,2,N,,,,,Z,C,0,,,en,,,,,,inc,,,,,,,,
,,,,,,,,,,,,,1,,din_zx,,read,,din,,,,,,,,,,,
,,,,,,,,,,,,,2,,,en,,,,,,,,,,,,,,
,,,,,,,,,,,,,3,,,,,,,,alu,,,din,,bit_asl,,,,nzc
,,,,,,,,,,,,,4,,dint1_zx,,,dint3,,,,,,,,,,,,
,,,,,,,,,,,,,5,done,,,,,,,,
,,,,,,,,,,,,,6,,,,,,,,,
BCC,REL,90,2,4,2,,,,,,,,0,,,en,,,,,,inc
,,,,,,,,,,,,,1,,,,,,,,,bcc
,,,,,,,,,,,,,2,done,,,,,,,,
,,,,,,,,,,,,,3,,,,,,,,,
BCS,REL,B0,2,4,2,,,,,,,,0,,,en,,,,,,inc
,,,,,,,,,,,,,1,,,,,,,,,bcs
,,,,,,,,,,,,,2,done,,,,,,,,
,,,,,,,,,,,,,3,,,,,,,,,
BEQ,REL,F0,2,4,2,,,,,,,,0,,,en,,,,,,inc
,,,,,,,,,,,,,1,,,,,,,,,beq
,,,,,,,,,,,,,2,done,,,,,,,,
,,,,,,,,,,,,,3,,,,,,,,,
BIT,ABS,2C,4,5,3,N,V,,,,Z,,0,,pc_p,en,read,,,,,inc
,,,,,,,,,,,,,1,,,en,,,din,,,inc
,,,,,,,,,,,,,2,,split,,read,,,,,,,,,,,,,
,,,,,,,,,,,,,3,done,,en,,,,,,,,,,,,,,
,,,,,,,,,,,,,4,,,,,,,,,,,a_reg,din,bit_and,,,,bit
BIT,Z-PAGE,24,3,4,2,N,V,,,,Z,,0,,,en,,,,,,inc,,,,,,,,
,,,,,,,,,,,,,1,,din_z,,read,,,,,,,,,,,,,
,,,,,,,,,,,,,2,done,,en,,,,,,,,,,,,,,
,,,,,,,,,,,,,3,,,,,,,,,,,a_reg,din,bit_and,,,,bit
BMI,REL,30,2,4,2,,,,,,,,0,,,en,,,,,,inc,,,,,,,,
,,,,,,,,,,,,,1,,,,,,,,,bmi,,,,,,,,
,,,,,,,,,,,,,2,done,,,,,,,,,,,,,,,,
,,,,,,,,,,,,,3,,,,,,,,,,,,,,,,,
BNE,REL,D0,2,4,2,,,,,,,,0,,,en,,,,,,inc,,,,,,,,
,,,,,,,,,,,,,1,,,,,,,,,bne,,,,,,,,
,,,,,,,,,,,,,2,done,,,,,,,,,,,,,,,,
,,,,,,,,,,,,,3,,,,,,,,,,,,,,,,,
BPL,REL,10,2,4,2,,,,,,,,0,,,en,,,,,,inc,,,,,,,,
,,,,,,,,,,,,,1,,,,,,,,,bpl,,,,,,,,
,,,,,,,,,,,,,2,done,,,,,,,,,,,,,, ,,
,,,,,,,,,,,,,3,,,,,,,,,,,,,,,,,
BRK,IMP,00,7,8,1,,,B,,I,,,0,,v_irq1,,read,,,,,inc,,,,,,,,
,,,,,,,,,,,,,1,,v_irq2,en,read,,,,,,,,,,,,,SetB
,,,,,,,,,,,,,2,,sp,en,,pch,din,,,,push,,,,,,,
,,,,,,,,,,,,,3,,sp,,,pcl,,,,split,push,,,,,,,
,,,,,,,,,,,,,4,,sp,,,p_reg,,,,,push,,,,,,,
,,,,,,,,,,,,,5,done,,,,,,,,,,,,,,,,SetI
,,,,,,,,,,,,,6,,,,,,,,,,,,,,,,,
BVC,REL,50,2,4,2,,,,,,,,0,,,en,,,,,,inc,,,,,,,,
,,,,,,,,,,,,,1,,,,,,,,,bvc,,,,,,,,
,,,,,,,,,,,,,2,done,,,,,,,,,,,,,,,,
,,,,,,,,,,,,,3,,,,,,,,,,,,,,,,,
BVS,REL,70,2,4,2,,,,,,,,0,,,en,,,,,,inc,,,,,,,,
,,,,,,,,,,,,,1,,,,,,,,,bvs,,,,,,,,
,,,,,,,,,,,,,2,done,,,,,,,,,,,,,,,,
,,,,,,,,,,,,,3,,,,,,,,,,,,,,,,,
CLC,IMP,18,2,2,1,,,,,,,C,0,done,,,,,,,,,,,,,,,,ClearC
,,,,,,,,,,,,,1,,,,,,,,,,,,,,,,,
CLD,IMP,D8,2,2,1,,,,D,,,,0,done,,,,,,,,,,,,,,,,ClearD
,,,,,,,,,,,,,1,,,,,,,,,,,,,,,,,
CLI,IMP,58,2,2,1,,,,,I,,,0,done,,,,,,,,,,,,,,,,ClearI
,,,,,,,,,,,,,1,,,,,,,,,,,,,,,,,
CLV,IMP,B8,2,2,1,,V,,,,,,0,done,,,,,,,,,,,,,,,,ClearV
,,,,,,,,,,,,,1,,,,,,,,,,,,,,,,,
CMP,ABS,CD,4,5,3,N,,,,,Z,C,0,,pc_p,en,read,,,,,inc,,,,,,,,
,,,,,,,,,,,,,1,,,en,,,din,,,inc,,,,,,,,
,,,,,,,,,,,,,2,,split,,read,,,,,,,,,,,,,
,,,,,,,,,,,,,3,done,,en,,,,,,,,,,,,,,
,,,,,,,,,,,,,4,,,,,,,,,,,a_reg,din,sub,,,,nzc
CMP,"ABS,X",DD,4,5,3,N,,,,,Z,C,0,,pc_p,en,read,,,,,inc,,,,,,,,
,,,,,,,,,,,,,1,,,en,,,din,,,inc,,,,,,,,
,,,,,,,,,,,,,2,,split_x,,read,,,,,,,,,,,,,
,,,,,,,,,,,,,3,done,,en,,,,,,,,,,,,,,
,,,,,,,,,,,,,4,,,,,,,,,,,a_reg,din,sub,,,,nzc
CMP,"ABS,Y",D9,4,5,3,N,,,,,Z,C,0,,pc_p,en,read,,,,,inc,,,,,,,,
,,,,,,,,,,,,,1,,,en,,,din,,,inc,,,,,,,,
,,,,,,,,,,,,,2,,split_y,,read,,,,,,,,,,,,,
,,,,,,,,,,,,,3,done,,en,,,,,,,,,,,,,,
,,,,,,,,,,,,,4,,,,,,,,,,,a_reg,din,sub,,,,nzc
CMP,IMM,C9,2,3,2,N,,,,,Z,C,0,,,en,,,,,,inc,,,,,,,,
,,,,,,,,,,,,,1,done,,,,,,,,,,a_reg,din,sub,,,,nzc
,,,,,,,,,,,,,2,,,,,,,,,,,,,,,,,
CMP,"(IND,X)",C1,6,7,2,N,,,,,Z,C,0,,,en,,,,,,inc,,,,,,,,
,,,,,,,,,,,,,1,,din_zx,,read,,,,,,,,,,,,,
,,,,,,,,,,,,,2,,din_zxp,en,read,,,, ,,,,,,,,,
,,,,,,,,,,,,,3,,,en,,,din,,,,,,,,,,,
,,,,,,,,,,,,,4,,split,,read,,,,,,,,,,,,,
,,,,,,,,,,,,,5,done,,en,,,,,,,,,,,,,,
,,,,,,,,,,,,,6,,,,,,,,,,,a_reg,din,sub,,,,nzc
CMP,"(IND),Y",D1,5,7,2,N,,,,,Z,C,0,,,en,,,,,,inc,,,,,,,,
,,,,,,,,,,,,,1,,din_z,,read,,,,,,,,,,,,,
,,,,,,,,,,,,,2,,din_zp,en,read,,,,,,,,,,,,,
,,,,,,,,,,,,,3,,,en,,,din,,,,,,,,,,,
,,,,,,,,,,,,,4,,split_y,,read,,,,,,,,,,,,,
,,,,,,,,,,,,,5,done,,en,,,,,,,,,,,,,,
,,,,,,,,,,,,,6,,,,,,,,,,,a_reg,din,sub,,,,nzc
CMP,Z-PAGE,C5,3,4,2,N,,,,,Z,C,0,,,en,,,,,,inc,,,,,,,,
,,,,,,,,,,,,,1,,din_z,,read,,,,,,,,,,,,,
,,,,,,,,,,,,,2,done,,en,,,,,,,,,,,,,,
,,,,,,,,,,,,,3,,,,,,,,,,,a_reg,din,sub,,,,nzc
CMP,"Z-PAGE,X",D5,4,4,2,N,,,,,Z,C,0,,,en,,,,,,inc,,,,,,,,
,,,,,,,,,,,,,1,,din_zx,,read,,,,,,,,,,,,,
,,,,,,,,,,,,,2,done,,en,,,,,,,,,,,,,,
,,,,,,,,,,,,,3,,,,,,,,,,,a_reg,din,sub,,,,nzc
CPX,ABS,EC,4,5,3,N,,,,,Z,C,0,,pc_p,en,read,,,,,inc,,,,,,,,
,,,,,,,,,,,,,1,,,en,,,din,,,inc,,,,,,,,
,,,,,,,,,,,,,2,,split,,read,,,,,,,,,,,,,
,,,,,,,,,,,,,3,done,,en,,,,,,,,,,,,,,
,,,,,,,,,,,,,4,,,,,,,,,,,x_reg,din,sub,,,,nzc
CPX,IMM,E0,2,3,2,N,,,,,Z,C,0,,,en,,,,,,inc,,,,,,,,
,,,,,,,,,,,,,1,done,,,,,,,,,,x_reg,din,sub,,,,nzc
,,,,,,,,,,,,,2,,,,,,,,,,,,,,,,,
CPX,Z-PAGE,E4,3,4,2,N,,,,,Z,C,0,,,en,,,,,,inc,,,,,,,,
,,,,,,,,,,,,,1,,din_z,,read,,,,,,,,,,,,,
,,,,,,,,,,,,,2,done,,en,,,,,,,,,,,,,,
,,,,,,,,,,,,,3,,,,,,,,,,,x_reg,din,sub,,,,nzc
CPY,ABS,CC,4,5,3,N,,,,,Z,C,0,,pc_p,en,read,,,,,inc,,,,,,,,
,,,,,,,,,,,,,1,,,en,,,din,,,inc,,,,,,,,
,,,,,,,,,,,,,2,,split,,read,,,,,,,,,,,,,
,,,,,,,,,,,,,3,done,,en,,,,,,,,,,,,,,
,,,,,,,,,,,,,4,,,,,,,,,,,y_reg,din,sub,,,,nzc
CPY,IMM,C0,2,3,2,N,,,,,Z,C,0,,,en,,,,,,inc,,,,,,,,
,,,,,,,,,,,,,1,done,,,,,,,,,,y_reg,din,sub,,,,nzc
,,,,,,,,,,,,,2,,,,,,,,,,,,,,,,,
CPY,Z-PAGE,C4,3,4,2,N,,,,,Z,C,0,,,en,,,,,,inc,,,,,,,,
,,,,,,,,,,,,,1,,din_z,,read,,,,,,,,,,,,,
,,,,,,,,,,,,,2,done,,en,,,,,,,,,,,,,,
,,,,,,,,,,,,,3,,,,,,,,,,,y_reg,din,sub,,,,nzc
DEC,ABS,CE,6,8,3,N,,,,,Z,,0,,pc_p,en,read,,,,,inc,,,,,,,,
,,,,,,,,,,,,,1,,,en,,,din,,,inc,,,,,,,,
,,,,,,,,,,,,,2,,split,,read,,,din,,,,,,,,,,
,,,,,,,,,,,,,3,,,en,,,,,,,,,,,,,,
,,,,,,,,,,,,,4,,,,,,,,alu,,,din,one,sub,,,,nz
,,,,,,,,,,,,,5,,dint16,,,dint3,,,,,,,,,,,,
,,,,,,,,,,,,,6,done,,,,,,,,,,,,,,,,
,,,,,,,,,,,,,7,,,,,,,,,,,,,,,,,
DEC,"ABS,X",DE,7,8,3,N,,,,,Z,,0,,pc_p,en,read,,,,,inc,,,,,,,,
,,,,,,,,,,,,,1,,,en,,,din,,,inc,,,,,,,,
,,,,,,,,,,,,,2,,split_x,,read,,,din,,,,,,,,,,
,,,,,,,,,,,,,3,,,en,,,,,,,,,,,,,,
,,,,,,,,,,,,,4,,,,,,,,alu,,,din,one,sub,,,,nz
,,,,,,,,,,,,,5,,dint16_x,,,dint3,,,,,,,,,,,,
,,,,,,,,,,,,,6,done,,,,,,,,,,,,,,,,
,,,,,,,,,,,,,7,,,,,,,,,,,,,,,,,
DEC,Z-PAGE,C6,5,7,2,N,,,,,Z,,0,,,en,,,,,,inc,,,,,,,,
,,,,,,,,,,,,,1,,din_z,,read,,din,,,,,,,,,,,
,,,,,,,,,,,,,2,,,en,,,,,,,,,,,,,,
,,,,,,,,,,,,,3,,,,,,,,alu,,,din,one,sub,,,,nz
,,,,,,,,,,,,,4,,dint1_z,,,dint3,,,,,,,,,,,,
,,,,,,,,,,,,,5,done,,,,,,,,,,,,,,,,
,,,,,,,,,,,,,6,,,,,,,,,,,,,,,,,
DEC,"Z-PAGE,X",D6,6,7,2,N,,,,,Z,,0,,,en,,,,,,inc,,,,,,,,
,,,,,,,,,,,,,1,,din_zx,,read,,din,,,,,,,,,,,
,,,,,,,,,,,,,2,,,en,,,,,,,,,,,,,,
,,,,,,,,,,,,,3,,,,,,,,alu,,,din,one,sub,,,,nz
,,,,,,,,,,,,,4,,dint1_zx,,,dint3,,,,,,,,,,,,
,,,,,,,,,,,,,5,done,,,,,,,,,,,,,,,,
,,,,,,,,,,,,,6,,,,,,,,,,,,,,,,,
DEX,IMP,CA,2,2,1,N,,,,,Z,,0,done,,,,,,,,,,x_reg,one,sub,,le,,nz
,,,,,,,,,,,,,1,,,,,,,,,,,,,,,,,
DEY,IMP,88,2,2,1,N,,,,,Z,,0,done,,,,,,,,,,y_reg,one,sub,,,le,nz
,,,,,,,,,,,,,1,,,,,,,,,,,,,,,,,
EOR,ABS,4D,4,5,3,N,,,,,Z,,0,,pc_p,en,read,,,,,inc,,,,,,,,
,,,,,,,,,,,,,1,,,en,,,din,,,inc,,,,,,,,
,,,,,,,,,,,,,2,,split,,read,,,,,,,,,,,,,
,,,,,,,,,,,,,3,done,,en,,,,,,,,,,,,,,
,,,,,,,,,,,,,4,,,,,,,,,,,a_reg,din,bit_xor,le,,,nz
EOR,"ABS,X",5D,4,5,3,N,,,,,Z,,0,,pc_p,en,read,,,,,inc,,,,,,,,
,,,,,,,,,,,,,1,,,en,,,din,,,inc,,,,,,,,
,,,,,,,,,,,,,2,,split_x,,read,,,,,,,,,,,,,
,,,,,,,,,,,,,3,done,,en,,,,,,,,,,,,,,
,,,,,,,,,,,,,4,,,,,,,,,,,a_reg,din,bit_xor,le,,,nz
EOR,"ABS,Y",59,4,5,3,N,,,,,Z,,0,,pc_p,en,read,,,,,inc,,,,,,,,
,,,,,,,,,,,,,1,,,en,,,din,,,inc,,,,,,,,
,,,,,,,,,,,,,2,,split_y,,read,,,,,,,,,,,,,
,,,,,,,,,,,,,3,done,,en,,,,,,,,,,,,,,
,,,,,,,,,,,,,4,,,,,,,,,,,a_reg,din,bit_xor,le,,,nz
EOR,IMM,49,2,3,2,N,,,,,Z,,0,,,en,,,,,,inc,,,,,,,,
,,,,,,,,,,,,,1,done,,,,,,,,,,a_reg,din,bit_xor,le,,,nz
,,,,,,,,,,,,,2,,,,,,,,,,,,,,,,,
EOR,"(IND,X)",41,6,7,2,N,,,,,Z,,0,,,en,,,,,,inc,,,,,,,,
,,,,,,,,,,,,,1,,din_zx,,read,,,,,,,,,,,,,
,,,,,,,,,,,,,2,,din_zxp,en,read,,,, ,,,,,,,,,
,,,,,,,,,,,,,3,,,en,,,din,,,,,,,,,,,
,,,,,,,,,,,,,4,,split,,read,,,,,,,,,,,,,
,,,,,,,,,,,,,5,done,,en,,,,,,,,,,,,,,
,,,,,,,,,,,,,6,,,,,,,,,,,a_reg,din,bit_xor,le,,,nz
EOR,"(IND),Y",51,5,7,2,N,,,,,Z,,0,,,en,,,,,,inc,,,,,,,,
,,,,,,,,,,,,,1,,din_z,,read,,,,,,,,,,,,,
,,,,,,,,,,,,,2,,din_zp,en,read,,,,,,,,,,,,,
,,,,,,,,,,,,,3,,,en,,,din,,,,,,,,,,,
,,,,,,,,,,,,,4,,split_y,,read,,,,,,,,,,,,,
,,,,,,,,,,,,,5,done,,en,,,,,,,,,,,,,,
,,,,,,,,,,,,,6,,,,,,,,,,,a_reg,din,bit_xor,le,,,nz
EOR,Z-PAGE,45,3,4,2,N,,,,,Z,,0,,,en,,,,,,inc,,,,,,,,
,,,,,,,,,,,,,1,,din_z,,read,,,,,,,,,,,,,
,,,,,,,,,,,,,2,done,,en,,,,,,,,,,,,,,
,,,,,,,,,,,,,3,,,,,,,,,,,a_reg,din,bit_xor,le,,,nz
EOR,"Z-PAGE,X",55,4,4,2,N,,,,,Z,,0,,,en,,,,,,inc,,,,,,,,
,,,,,,,,,,,,,1,,din_zx,,read,,,,,,,,,,,,,
,,,,,,,,,,,,,2,done,,en,,,,,,,,,,,,,,
,,,,,,,,,,,,,3,,,,,,,,,,,a_reg,din,bit_xor,le,,,nz
INC,ABS,EE,6,8,3,N,,,,,Z,,0,,pc_p,en,read,,,,,inc,,,,,,,,
,,,,,,,,,,,,,1,,,en,,,din,,,inc,,,,,,,,
,,,,,,,,,,,,,2,,split,,read,,,din,,,,,,,,,,
,,,,,,,,,,,,,3,,,en,,,,,,,,,,,,,,
,,,,,,,,,,,,,4,,,,,,,,alu,,,din,one,add,,,,nz
,,,,,,,,,,,,,5,,dint16,,,dint3,,,,,,,,,,,,
,,,,,,,,,,,,,6,done,,,,,,,,,,,,,,,,
,,,,,,,,,,,,,7,,,,,,,,,,,,,,,,,
INC,"ABS,X",FE,7,8,3,N,,,,,Z,,0,,pc_p,en,read,,,,,inc,,,,,,,,
,,,,,,,,,,,,,1,,,en,,,din,,,inc,,,,,,,,
,,,,,,,,,,,,,2,,split_x,,read,,,din,,,,,,,,,,
,,,,,,,,,,,,,3,,,en,,,,,,,,,,,,,,
,,,,,,,,,,,,,4,,,,,,,,alu,,,din,one,add,,,,nz
,,,,,,,,,,,,,5,,dint16_x,,,dint3,,,,,,,,,,,,
,,,,,,,,,,,,,6,done,,,,,,,,,,,,,,,,
,,,,,,,,,,,,,7,,,,,,,,,,,,,,,,,
INC,Z-PAGE,E6,5,7,2,N,,,,,Z,,0,,,en,,,,,,inc,,,,,,,,
,,,,,,,,,,,,,1,,din_z,,read,,din,,,,,,,,,,,
,,,,,,,,,,,,,2,,,en,,,,,,,,,,,,,,
,,,,,,,,,,,,,3,,,,,,,,alu,,,din,one,add,,,,nz
,,,,,,,,,,,,,4,,dint1_z,,,dint3,,,,,,,,,,,,
,,,,,,,,,,,,,5,done,,,,,,,,,,,,,,,,
,,,,,,,,,,,,,6,,,,,,,,,,,,,,,,,
INC,"Z-PAGE,X",F6,6,7,2,N,,,,,Z,,0,,,en,,,,,,inc,,,,,,,,
,,,,,,,,,,,,,1,,din_zx,,read,,din,,,,,,,,,,,
,,,,,,,,,,,,,2,,,en,,,,,,,,,,,,,,
,,,,,,,,,,,,,3,,,,,,,,alu,,,din,one,add,,,,nz
,,,,,,,,,,,,,4,,dint1_zx,,,dint3,,,,,,,,,,,,
,,,,,,,,,,,,,5,done,,,,,,,,,,,,,,,,
,,,,,,,,,,,,,6,,,,,,,,,,,,,,,,,
INX,IMP,E8,2,2,1,N,,,,,Z,,0,done,,,,,,,,,,x_reg,one,add,,le,,nz
,,,,,,,,,,,,,1,,,,,,,,,,,,,,,,,
INY,IMP,C8,2,2,1,N,,,,,Z,,0,done,,,,,,,,,,y_reg,one,add,,,le,nz
,,,,,,,,,,,,,1,,,,,,,,,,,,,,,,,
JMP,ABS,4C,3,5,3,,,,,,,,0,,pc_p,en,read,,,,,inc,,,,,,,,
,,,,,,,,,,,,,1,,,en,,,din,,,inc,,,,,,,,
,,,,,,,,,,,,,2,,,,,,,,,split,,,,,,,,
,,,,,,,,,,,,,3,done,,,,,,,,,,,,,,,,
,,,,,,,,,,,,,4,,,,,,,,,,,,,,,,,
JMP,(IND),6C,5,8,3,,,,,,,,0,,pc_p,en,read,,,,,inc,,,,,,,,
,,,,,,,,,,,,,1,,,en,,,din,,,,,,,,,,,
,,,,,,,,,,,,,2,,split,,read,,,,,,,,,,,,,
,,,,,,,,,,,,,3,,split_p,en,read,,,,,,,,,,,,,
,,,,,,,,,,,,,4,,,en,,,din,,,,,,,,,,,
,,,,,,,,,,,,,5,,,,,,,,,split,,,,,,,,
,,,,,,,,,,,,,6,done,,,,,,,,,,,,,,,,
,,,,,,,,,,,,,7,,,,,,,,,,,,,,,,,
JSR,ABS,20,6,5,3,,,,,,,,0,,pc_p,en,read,,,,,inc,,,,,,,,
,,,,,,,,,,,,,1,,sp,en,,pch,din,,,,push,,,,,,,
,,,,,,,,,,,,,2,,sp,,,pcl,,,,split,push,,,,,,,
,,,,,,,,,,,,,3,done,,,,,,,,,,,,,,,,
,,,,,,,,,,,,,4,,,,,,,,,,,,,,,,,
LDA,ABS,AD,4,5,3,N,,,,,Z,,0,,pc_p,en,read,,,,,inc,,,,,,,,
,,,,,,,,,,,,,1,,,en,,,din,,,inc,,,,,,,,
,,,,,,,,,,,,,2,,split,,read,,,,,,,,,,,,,
,,,,,,,,,,,,,3,done,,en,,,,,,,,,,,,,,
,,,,,,,,,,,,,4,,,,,,,,,,,,din,pass2,le,,,nz
LDA,"ABS,X",BD,4,5,3,N,,,,,Z,,0,,pc_p,en,read,,,,,inc,,,,,,,,
,,,,,,,,,,,,,1,,,en,,,din,,,inc,,,,,,,,
,,,,,,,,,,,,,2,,split_x,,read,,,,,,,,,,,,,
,,,,,,,,,,,,,3,done,,en,,,,,,,,,,,,,,
,,,,,,,,,,,,,4,,,,,,,,,,,,din,pass2,le,,,nz
LDA,"ABS,Y",B9,4,5,3,N,,,,,Z,,0,,pc_p,en,read,,,,,inc,,,,,,,,
,,,,,,,,,,,,,1,,,en,,,din,,,inc,,,,,,,,
,,,,,,,,,,,,,2,,split_y,,read,,,,,,,,,,,,,
,,,,,,,,,,,,,3,done,,en,,,,,,,,,,,,,,
,,,,,,,,,,,,,4,,,,,,,,,,,,din,pass2,le,,,nz
LDA,IMM,A9,2,3,2,N,,,,,Z,,0,,,en,,,,,,inc,,,,,,,,
,,,,,,,,,,,,,1,done,,,,,,,,,,,din,pass2,le,,,nz
,,,,,,,,,,,,,2,,,,,,,,,,,,,,,,,
LDA,Z-PAGE,A5,4,4,2,N,,,,,Z,,0,,,en,,,,,,inc,,,,,,,,
,,,,,,,,,,,,,1,,din_z,,read,,,,,,,,,,,,,
,,,,,,,,,,,,,2,done,,en,,,,,,,,,,,,,,
,,,,,,,,,,,,,3,,,,,,,,,,,,din,pass2,le,,,nz
LDA,"(IND,X)",A1,6,7,2,N,,,,,Z,,0,,,en,,,,,,inc,,,,,,,,
,,,,,,,,,,,,,1,,din_zx,,read,,,,,,,,,,,,,
,,,,,,,,,,,,,2,,din_zxp,en,read,,,, ,,,,,,,,,
,,,,,,,,,,,,,3,,,en,,,din,,,,,,,,,,,
,,,,,,,,,,,,,4,,split,,read,,,,,,,,,,,,,
,,,,,,,,,,,,,5,done,,en,,,,,,,,,,,,,,
,,,,,,,,,,,,,6,,,,,,,,,,,,din,pass2,le,,,nz
LDA,"(IND),Y",B1,5,7,2,N,,,,,Z,,0,,,en,,,,,,inc,,,,,,,,
,,,,,,,,,,,,,1,,din_z,,read,,,,,,,,,,,,,
,,,,,,,,,,,,,2,,din_zp,en,read,,,,,,,,,,,,,
,,,,,,,,,,,,,3,,,en,,,din,,,,,,,,,,,
,,,,,,,,,,,,,4,,split_y,,read,,,,,,,,,,,,,
,,,,,,,,,,,,,5,done,,en,,,,,,,,,,,,,,
,,,,,,,,,,,,,6,,,,,,,,,,,,din,pass2,le,,,nz
LDA,"Z-PAGE,X",B5,4,4,2,N,,,,,Z,,0,,,en,,,,,,inc,,,,,,,,
,,,,,,,,,,,,,1,,din_zx,,read,,,,,,,,,,,,,
,,,,,,,,,,,,,2,done,,en,,,,,,,,,,,,,,
,,,,,,,,,,,,,3,,,,,,,,,,,,din,pass2,le,,,nz
LDX,ABS,AE,4,5,3,N,,,,,Z,,0,,pc_p,en,read,,,,,inc,,,,,,,,
,,,,,,,,,,,,,1,,,en,,,din,,,inc,,,,,,,,
,,,,,,,,,,,,,2,,split,,read,,,,,,,,,,,,,
,,,,,,,,,,,,,3,done,,en,,,,,,,,,,,,,,
,,,,,,,,,,,,,4,,,,,,,,,,,,din,pass2,,le,,nz
LDX,"ABS,Y",BE,4,5,3,N,,,,,Z,,0,,pc_p,en,read,,,,,inc,,,,,,,,
,,,,,,,,,,,,,1,,,en,,,din,,,inc,,,,,,,,
,,,,,,,,,,,,,2,,split_y,,read,,,,,,,,,,,,,
,,,,,,,,,,,,,3,done,,en,,,,,,,,,,,,,,
,,,,,,,,,,,,,4,,,,,,,,,,,,din,pass2,,le,,nz
LDX,IMM,A2,2,3,2,N,,,,,Z,,0,,,en,,,,,,inc,,,,,,,,
,,,,,,,,,,,,,1,done,,,,,,,,,,,din,pass2,,le,,nz
,,,,,,,,,,,,,2,,,,,,,,,,,,,,,,,
LDX,Z-PAGE,A6,3,4,2,N,,,,,Z,,0,,,en,,,,,,inc,,,,,,,,
,,,,,,,,,,,,,1,,din_z,,read,,,,,,,,,,,,,
,,,,,,,,,,,,,2,done,,en,,,,,,,,,,,,,,
,,,,,,,,,,,,,3,,,,,,,,,,,,din,pass2,,le,,nz
LDX,"Z-PAGE,Y",B6,4,4,2,N,,,,,Z,,0,,,en,,,,,,inc,,,,,,,,
,,,,,,,,,,,,,1,,din_zy,,read,,,,,,,,,,,,,
,,,,,,,,,,,,,2,done,,en,,,,,,,,,,,,,,
,,,,,,,,,,,,,3,,,,,,,,,,,,din,pass2,,le,,nz
LDY,ABS,AC,4,5,3,N,,,,,Z,,0,,pc_p,en,read,,,,,inc,,,,,,,,
,,,,,,,,,,,,,1,,,en,,,din,,,inc,,,,,,,,
,,,,,,,,,,,,,2,,split,,read,,,,,,,,,,,,,
,,,,,,,,,,,,,3,done,,en,,,,,,,,,,,,,,
,,,,,,,,,,,,,4,,,,,,,,,,,,din,pass2,,,le,nz
LDY,"ABS,X",BC,4,5,3,N,,,,,Z,,0,,pc_p,en,read,,,,,inc,,,,,,,,
,,,,,,,,,,,,,1,,,en,,,din,,,inc,,,,,,,,
,,,,,,,,,,,,,2,,split_x,,read,,,,,,,,,,,,,
,,,,,,,,,,,,,3,done,,en,,,,,,,,,,,,,,
,,,,,,,,,,,,,4,,,,,,,,,,,,din,pass2,,,le,nz
LDY,IMM,A0,2,3,2,N,,,,,Z,,0,,,en,,,,,,inc,,,,,,,,
,,,,,,,,,,,,,1,done,,,,,,,,,,,din,pass2,,,le,nz
,,,,,,,,,,,,,2,,,,,,,,,,,,,,,,,
LDY,Z-PAGE,A4,3,4,2,N,,,,,Z,,0,,,en,,,,,,inc,,,,,,,,
,,,,,,,,,,,,,1,,din_z,,read,,,,,,,,,,,,,
,,,,,,,,,,,,,2,done,,en,,,,,,,,,,,,,,
,,,,,,,,,,,,,3,,,,,,,,,,,,din,pass2,,,le,nz
LDY,"Z-PAGE,X",B4,4,4,2,N,,,,,Z,,0,,,en,,,,,,inc,,,,,,,,
,,,,,,,,,,,,,1,,din_zx,,read,,,,,,,,,,,,,
,,,,,,,,,,,,,2,done,,en,,,,,,,,,,,,,,
,,,,,,,,,,,,,3,,,,,,,,,,,,din,pass2,,,le,nz
LSR,ABS,4E,6,8,3,N,,,,,Z,C,0,,pc_p,en,read,,,,,inc,,,,,,,,
,,,,,,,,,,,,,1,,,en,,,din,,,inc,,,,,,,,
,,,,,,,,,,,,,2,,split,,read,,,din,,,,,,,,,,
,,,,,,,,,,,,,3,,,en,,,,,,,,,,,,,,
,,,,,,,,,,,,,4,,,,,,,,alu,,,din, ,bit_lsr,,,,nzc
,,,,,,,,,,,,,5,,dint16,,,dint3,,,,,,,,,,,,
,,,,,,,,,,,,,6,done,,,,,,,,,,,,,,,,
,,,,,,,,,,,,,7,,,,,,,,,,,,,,,,,
LSR,"ABS,X",5E,7,8,3,N,,,,,Z,C,0,,pc_p,en,read,,,,,inc,,,,,,,,
,,,,,,,,,,,,,1,,,en,,,din,,,inc,,,,,,,,
,,,,,,,,,,,,,2,,split_x,,read,,,din,,,,,,,,,,
,,,,,,,,,,,,,3,,,en,,,,,,,,,,,,,,
,,,,,,,,,,,,,4,,,,,,,,alu,,,din, ,bit_lsr,,,,nzc
,,,,,,,,,,,,,5,,dint16_x,,,dint3,,,,,,,,,,,,
,,,,,,,,,,,,,6,done,,,,,,,,,,,,,,,,
,,,,,,,,,,,,,7,,,,,,,,,,,,,,,,,
LSR,ACC,4A,2,2,1,N,,,,,Z,C,0,done,,,,,,,,,,a_reg,,bit_lsr,le,,,nzc
,,,,,,,,,,,,,1,,,,,,,,,,,,,,,,,
LSR,Z-PAGE,46,5,7,2,N,,,,,Z,C,0,,,en,,,,,,inc,,,,,,,,
,,,,,,,,,,,,,1,,din_z,,read,,din,,,,,,,,,,,
,,,,,,,,,,,,,2,,,en,,,,,,,,,,,,,,
,,,,,,,,,,,,,3,,,,,,,,alu,,,din,,bit_lsr,,,,nzc
,,,,,,,,,,,,,4,,dint1_z,,,dint3,,,,,,,,,,,,
,,,,,,,,,,,,,5,done,,,,,,,,,,,,,,,,
,,,,,,,,,,,,,6,,,,,,,,,,,,,,,,,
LSR,"Z-PAGE,X",56,6,7,2,N,,,,,Z,C,0,,,en,,,,,,inc,,,,,,,,
,,,,,,,,,,,,,1,,din_zx,,read,,din,,,,,,,,,,,
,,,,,,,,,,,,,2,,,en,,,,,,,,,,,,,,
,,,,,,,,,,,,,3,,,,,,,,alu,,,din,,bit_lsr,,,,nzc
,,,,,,,,,,,,,4,,dint1_zx,,,dint3,,,,,,,,,,,,
,,,,,,,,,,,,,5,done,,,,,,,,,,,,,,,,
,,,,,,,,,,,,,6,,,,,,,,,,,,,,,,,
NOP,IMP,EA,2,2,1,,,,,,,,0,done,,,,,,,,,,,,,,,,
,,,,,,,,,,,,,1,,,,,,,,,,,,,,,,,
ORA,ABS,0D,4,5,3,N,,,,,Z,,0,,pc_p,en,read,,,,,inc,,,,,,,,
,,,,,,,,,,,,,1,,,en,,,din,,,inc,,,,,,,,
,,,,,,,,,,,,,2,,split,,read,,,,,,,,,,,,,
,,,,,,,,,,,,,3,done,,en,,,,,,,,,,,,,,
,,,,,,,,,,,,,4,,,,,,,,,,,a_reg,din,bit_or,le,,,nz
ORA,"ABS,X",1D,4,5,3,N,,,,,Z,,0,,pc_p,en,read,,,,,inc,,,,,,,,
,,,,,,,,,,,,,1,,,en,,,din,,,inc,,,,,,,,
,,,,,,,,,,,,,2,,split_x,,read,,,,,,,,,,,,,
,,,,,,,,,,,,,3,done,,en,,,,,,,,,,,,,,
,,,,,,,,,,,,,4,,,,,,,,,,,a_reg,din,bit_or,le,,,nz
ORA,"ABS,Y",19,4,5,3,N,,,,,Z,,0,,pc_p,en,read,,,,,inc,,,,,,,,
,,,,,,,,,,,,,1,,,en,,,din,,,inc,,,,,,,,
,,,,,,,,,,,,,2,,split_y,,read,,,,,,,,,,,,,
,,,,,,,,,,,,,3,done,,en,,,,,,,,,,,,,,
,,,,,,,,,,,,,4,,,,,,,,,,,a_reg,din,bit_or,le,,,nz
ORA,IMM,09,2,3,2,N,,,,,Z,,0,,,en,,,,,,inc,,,,,,,,
,,,,,,,,,,,,,1,done,,,,,,,,,,a_reg,din,bit_or,le,,,nz
,,,,,,,,,,,,,2,,,,,,,,,,,,,,,,,
ORA,"(IND,X)",01,6,7,2,N,,,,,Z,,0,,,en,,,,,,inc,,,,,,,,
,,,,,,,,,,,,,1,,din_zx,,read,,,,,,,,,,,,,
,,,,,,,,,,,,,2,,din_zxp,en,read,,,, ,,,,,,,,,
,,,,,,,,,,,,,3,,,en,,,din,,,,,,,,,,,
,,,,,,,,,,,,,4,,split,,read,,,,,,,,,,,,,
,,,,,,,,,,,,,5,done,,en,,,,,,,,,,,,,,
,,,,,,,,,,,,,6,,,,,,,,,,,a_reg,din,bit_or,le,,,nz
ORA,"(IND),Y",11,5,7,2,N,,,,,Z,,0,,,en,,,,,,inc,,,,,,,,
,,,,,,,,,,,,,1,,din_z,,read,,,,,,,,,,,,,
,,,,,,,,,,,,,2,,din_zp,en,read,,,,,,,,,,,,,
,,,,,,,,,,,,,3,,,en,,,din,,,,,,,,,,,
,,,,,,,,,,,,,4,,split_y,,read,,,,,,,,,,,,,
,,,,,,,,,,,,,5,done,,en,,,,,,,,,,,,,,
,,,,,,,,,,,,,6,,,,,,,,,,,a_reg,din,bit_or,le,,,nz
ORA,Z-PAGE,05,3,4,2,N,,,,,Z,,0,,,en,,,,,,inc,,,,,,,,
,,,,,,,,,,,,,1,,din_z,,read,,,,,,,,,,,,,
,,,,,,,,,,,,,2,done,,en,,,,,,,,,,,,,,
,,,,,,,,,,,,,3,,,,,,,,,,,a_reg,din,bit_or,le,,,nz
ORA,"Z-PAGE,X",15,4,4,2,N,,,,,Z,,0,,,en,,,,,,inc,,,,,,,,
,,,,,,,,,,,,,1,,din_zx,,read,,,,,,,,,,,,,
,,,,,,,,,,,,,2,done,,en,,,,,,,,,,,,,,
,,,,,,,,,,,,,3,,,,,,,,,,,a_reg,din,bit_or,le,,,nz
PHA,IMP,48,3,3,1,,,,,,,,0,,sp,,,a_reg,,,,,push,,,,,,,
,,,,,,,,,,,,,1,done,,,,,,,,,,,,,,,,
,,,,,,,,,,,,,2,,,,,,,,,,,,,,,,,
PHP,IMP,08,3,3,1,,,,,,,,0,,sp,,,p_reg,,,,,push,,,,,,,
,,,,,,,,,,,,,1,done,,,,,,,,,,,,,,,,
,,,,,,,,,,,,,2,,,,,,,,,,,,,,,,,
PLA,IMP,68,4,4,1,N,,,,,Z,,0,,,,,,,,,,pop,,,,,,,
,,,,,,,,,,,,,1,,sp,,read,,,,,,,,,,,,,
,,,,,,,,,,,,,2,done,,en,,,,,,,,,,,,,,
,,,,,,,,,,,,,3,,,,,,,,,,,,din,pass2,le,,,nz
PLP,IMP,28,4,4,1,N,V,B,D,I,Z,C,0,,,,,,,,,,pop,,,,,,,
,,,,,,,,,,,,,1,,sp,,read,,,,,,,,,,,,,
,,,,,,,,,,,,,2,done,,en,,,,,,,,, ,,,,,
,,,,,,,,,,,,,3,,,,,,,,,,,,,,,,,din
RESET,INTERNAL,03,0,0,0,,,,,I,,,0,,v_reset1,,read,,,,,,,,,,,,,SetI
,,,,,,,,,,,,,1,,v_reset2,en,read,,,,,,,,,,,,,
,,,,,,,,,,,,,2,,,en,,,din,,,,,,,,,,,
,,,,,,,,,,,,,3,,,,,,,,,split,,,,,,,,
,,,,,,,,,,,,,4,done,,,,,,,,,,,,,,,,
,,,,,,,,,,,,,5,,,,,,,,,,,,,,,,,
ROL,ABS,2E,6,8,3,N,,,,,Z,C,0,,pc_p,en,read,,,,,inc,,,,,,,,
,,,,,,,,,,,,,1,,,en,,,din,,,inc,,,,,,,,
,,,,,,,,,,,,,2,,split,,read,,,din,,,,,,,,,,
,,,,,,,,,,,,,3,,,en,,,,,,,,,,,,,,
,,,,,,,,,,,,,4,,,,,,,,alu,,,din, ,bit_rol,,,,nzc
,,,,,,,,,,,,,5,,dint16,,,dint3,,,,,,,,,,,,
,,,,,,,,,,,,,6,done,,,,,,,,,,,,,,,,
,,,,,,,,,,,,,7,,,,,,,,,,,,,,,,,
ROL,"ABS,X",3E,7,8,3,N,,,,,Z,C,0,,pc_p,en,read,,,,,inc,,,,,,,,
,,,,,,,,,,,,,1,,,en,,,din,,,inc,,,,,,,,
,,,,,,,,,,,,,2,,split_x,,read,,,din,,,,,,,,,,
,,,,,,,,,,,,,3,,,en,,,,,,,,,,,,,,
,,,,,,,,,,,,,4,,,,,,,,alu,,,din, ,bit_rol,,,,nzc
,,,,,,,,,,,,,5,,dint16_x,,,dint3,,,,,,,,,,,,
,,,,,,,,,,,,,6,done,,,,,,,,,,,,,,,,
,,,,,,,,,,,,,7,,,,,,,,,,,,,,,,,
ROL,ACC,2A,2,2,1,N,,,,,Z,C,0,done,,,,,,,,,,a_reg,,bit_rol,le,,,nzc
,,,,,,,,,,,,,1,,,,,,,,,,,,,,,,,
ROL,Z-PAGE,26,5,7,2,N,,,,,Z,C,0,,,en,,,,,,inc,,,,,,,,
,,,,,,,,,,,,,1,,din_z,,read,,din,,,,,,,,,,,
,,,,,,,,,,,,,2,,,en,,,,,,,,,,,,,,
,,,,,,,,,,,,,3,,,,,,,,alu,,,din,,bit_rol,,,,nzc
,,,,,,,,,,,,,4,,dint1_z,,,dint3,,,,,,,,,,,,
,,,,,,,,,,,,,5,done,,,,,,,,,,,,,,,,
,,,,,,,,,,,,,6,,,,,,,,,,,,,,,,,
ROL,"Z-PAGE,X",36,6,7,2,N,,,,,Z,C,0,,,en,,,,,,inc,,,,,,,,
,,,,,,,,,,,,,1,,din_zx,,read,,din,,,,,,,,,,,
,,,,,,,,,,,,,2,,,en,,,,,,,,,,,,,,
,,,,,,,,,,,,,3,,,,,,,,alu,,,din,,bit_rol,,,,nzc
,,,,,,,,,,,,,4,,dint1_zx,,,dint3,,,,,,,,,,,,
,,,,,,,,,,,,,5,done,,,,,,,,,,,,,,,,
,,,,,,,,,,,,,6,,,,,,,,,,,,,,,,,
ROR,ABS,6E,6,8,3,N,,,,,Z,C,0,,pc_p,en,read,,,,,inc,,,,,,,,
,,,,,,,,,,,,,1,,,en,,,din,,,inc,,,,,,,,
,,,,,,,,,,,,,2,,split,,read,,,din,,,,,,,,,,
,,,,,,,,,,,,,3,,,en,,,,,,,,,,,,,,
,,,,,,,,,,,,,4,,,,,,,,alu,,,din, ,bit_ror,,,,nzc
,,,,,,,,,,,,,5,,dint16,,,dint3,,,,,,,,,,,,
,,,,,,,,,,,,,6,done,,,,,,,,,,,,,,,,
,,,,,,,,,,,,,7,,,,,,,,,,,,,,,,,
ROR,"ABS,X",7E,7,8,3,N,,,,,Z,C,0,,pc_p,en,read,,,,,inc,,,,,,,,
,,,,,,,,,,,,,1,,,en,,,din,,,inc,,,,,,,,
,,,,,,,,,,,,,2,,split_x,,read,,,din,,,,,,,,,,
,,,,,,,,,,,,,3,,,en,,,,,,,,,,,,,,
,,,,,,,,,,,,,4,,,,,,,,alu,,,din, ,bit_ror,,,,nzc
,,,,,,,,,,,,,5,,dint16_x,,,dint3,,,,,,,,,,,,
,,,,,,,,,,,,,6,done,,,,,,,,,,,,,,,,
,,,,,,,,,,,,,7,,,,,,,,,,,,,,,,,
ROR,ACC,6A,2,2,1,N,,,,,Z,C,0,done,,,,,,,,,,a_reg,,bit_ror,le,,,nzc
,,,,,,,,,,,,,1,,,,,,,,,,,,,,,,,
ROR,Z-PAGE,66,5,7,2,N,,,,,Z,C,0,,,en,,,,,,inc,,,,,,,,
,,,,,,,,,,,,,1,,din_z,,read,,din,,,,,,,,,,,
,,,,,,,,,,,,,2,,,en,,,,,,,,,,,,,,
,,,,,,,,,,,,,3,,,,,,,,alu,,,din,,bit_ror,,,,nzc
,,,,,,,,,,,,,4,,dint1_z,,,dint3,,,,,,,,,,,,
,,,,,,,,,,,,,5,done,,,,,,,,,,,,,,,,
,,,,,,,,,,,,,6,,,,,,,,,,,,,,,,,
ROR,"Z-PAGE,X",76,6,7,2,N,,,,,Z,C,0,,,en,,,,,,inc,,,,,,,,
,,,,,,,,,,,,,1,,din_zx,,read,,din,,,,,,,,,,,
,,,,,,,,,,,,,2,,,en,,,,,,,,,,,,,,
,,,,,,,,,,,,,3,,,,,,,,alu,,,din,,bit_ror,,,,nzc
,,,,,,,,,,,,,4,,dint1_zx,,,dint3,,,,,,,,,,,,
,,,,,,,,,,,,,5,done,,,,,,,,,,,,,,,,
,,,,,,,,,,,,,6,,,,,,,,,,,,,,,,,
RTI,IMP,40,6,8,1,N,V,B,D,I,Z,C,0,,,,,,,,,,pop,,,,,,,
,,,,,,,,,,,,,1,,sp,,read,,,,,,pop,,,,,,,
,,,,,,,,,,,,,2,,sp,en,read,,,,,,pop,,,,,,,
,,,,,,,,,,,,,3,,sp,en,read,,,,,,,,,,,,,din
,,,,,,,,,,,,,4,,,en,,,din,,,,,,,,,,,
,,,,,,,,,,,,,5,,,,,,,,,split,,,,,,,,
,,,,,,,,,,,,,6,done,,,,,,,,,,,,,,,,
,,,,,,,,,,,,,7,,,,,,,,,,,,,,,,,
RTS,IMP,60,6,8,1,,,,,,,,0,,,,,,,,,,pop,,,,,,,
,,,,,,,,,,,,,1,,sp,,read,,,,,,pop,,,,,,,
,,,,,,,,,,,,,2,,sp,en,read,,,,,,,,,,,,,
,,,,,,,,,,,,,3,,,en,,,din,,,,,,,,,,,
,,,,,,,,,,,,,4,,,,,,,,,split,,,,,,,,
,,,,,,,,,,,,,5,,,,,,,,,inc,,,,,,,,
,,,,,,,,,,,,,6,done,,,,,,,,,,,,,,,,
,,,,,,,,,,,,,7,,,,,,,,,,,,,,,,,
SBC,ABS,ED,4,5,3,N,V,,,,Z,C,0,,pc_p,en,read,,,,,inc,,,,,,,,
,,,,,,,,,,,,,1,,,en,,,din,,,inc,,,,,,,,
,,,,,,,,,,,,,2,,split,,read,,,,,,,,,,,,,
,,,,,,,,,,,,,3,done,,en,,,,,,,,,,,,,,
,,,,,,,,,,,,,4,,,,,,,,,,,a_reg,din,subb,le,,,nvzc
SBC,"ABS,X",FD,4,5,3,N,V,,,,Z,C,0,,pc_p,en,read,,,,,inc,,,,,,,,
,,,,,,,,,,,,,1,,,en,,,din,,,inc,,,,,,,,
,,,,,,,,,,,,,2,,split_x,,read,,,,,,,,,,,,,
,,,,,,,,,,,,,3,done,,en,,,,,,,,,,,,,,
,,,,,,,,,,,,,4,,,,,,,,,,,a_reg,din,subb,le,,,nvzc
SBC,"ABS,Y",F9,4,5,3,N,V,,,,Z,C,0,,pc_p,en,read,,,,,inc,,,,,,,,
,,,,,,,,,,,,,1,,,en,,,din,,,inc,,,,,,,,
,,,,,,,,,,,,,2,,split_y,,read,,,,,,,,,,,,,
,,,,,,,,,,,,,3,done,,en,,,,,,,,,,,,,,
,,,,,,,,,,,,,4,,,,,,,,,,,a_reg,din,subb,le,,,nvzc
SBC,IMM,E9,2,3,2,N,V,,,,Z,C,0,,,en,,,,,,inc,,,,,,,,
,,,,,,,,,,,,,1,done,,,,,,,,,,a_reg,din,subb,le,,,nvzc
,,,,,,,,,,,,,2,,,,,,,,,,,,,,,,,
SBC,"(IND,X)",E1,6,7,2,N,V,,,,Z,C,0,,,en,,,,,,inc,,,,,,,,
,,,,,,,,,,,,,1,,din_zx,,read,,,,,,,,,,,,,
,,,,,,,,,,,,,2,,din_zxp,en,read,,,, ,,,,,,,,,
,,,,,,,,,,,,,3,,,en,,,din,,,,,,,,,,,
,,,,,,,,,,,,,4,,split,,read,,,,,,,,,,,,,
,,,,,,,,,,,,,5,done,,en,,,,,,,,,,,,,,
,,,,,,,,,,,,,6,,,,,,,,,,,a_reg,din,subb,le,,,nvzc
SBC,"(IND),Y",F1,5,7,2,N,V,,,,Z,C,0,,,en,,,,,,inc,,,,,,,,
,,,,,,,,,,,,,1,,din_z,,read,,,,,,,,,,,,,
,,,,,,,,,,,,,2,,din_zp,en,read,,,,,,,,,,,,,
,,,,,,,,,,,,,3,,,en,,,din,,,,,,,,,,,
,,,,,,,,,,,,,4,,split_y,,read,,,,,,,,,,,,,
,,,,,,,,,,,,,5,done,,en,,,,,,,,,,,,,,
,,,,,,,,,,,,,6,,,,,,,,,,,a_reg,din,subb,le,,,nvzc
SBC,Z-PAGE,E5,3,4,2,N,V,,,,Z,C,0,,,en,,,,,,inc,,,,,,,,
,,,,,,,,,,,,,1,,din_z,,read,,,,,,,,,,,,,
,,,,,,,,,,,,,2,done,,en,,,,,,,,,,,,,,
,,,,,,,,,,,,,3,,,,,,,,,,,a_reg,din,subb,le,,,nvzc
SBC,"Z-PAGE,X",F5,4,4,2,N,V,,,,Z,C,0,,,en,,,,,,inc,,,,,,,,
,,,,,,,,,,,,,1,,din_zx,,read,,,,,,,,,,,,,
,,,,,,,,,,,,,2,done,,en,,,,,,,,,,,,,,
,,,,,,,,,,,,,3,,,,,,,,,,,a_reg,din,subb,le,,,nvzc
SEC,IMP,38,2,2,1,,,,,,,C,0,done,,,,,,,,,,,,,,,,SetC
,,,,,,,,,,,,,1,,,,,,,,,,,,,,,,,
SED,IMP,F8,2,2,1,,,,D,,,,0,done,,,,,,,,,,,,,,,,SetD
,,,,,,,,,,,,,1,,,,,,,,,,,,,,,,,
SEI,IMP,78,2,2,1,,,,,I,,,0,done,,,,,,,,,,,,,,,,SetI
,,,,,,,,,,,,,1,,,,,,,,,,,,,,,,,
STA,ABS,8D,4,5,3,,,,,,,,0,,pc_p,en,read,,,,,inc,,,,,,,,
,,,,,,,,,,,,,1,,,en,,,din,,,inc,,,,,,,,
,,,,,,,,,,,,,2,,split,,,a_reg,,,,,,,,,,,,
,,,,,,,,,,,,,3,done,,,,,,,,,,,,,,,,
,,,,,,,,,,,,,4,,,,,,,,,,,,,,,,,
STA,"ABS,Y",99,5,5,3,,,,,,,,0,,pc_p,en,read,,,,,inc,,,,,,,,
,,,,,,,,,,,,,1,,,en,,,din,,,inc,,,,,,,,
,,,,,,,,,,,,,2,,split_y,,,a_reg,,,,,,,,,,,,
,,,,,,,,,,,,,3,done,,,,,,,,,,,,,,,,
,,,,,,,,,,,,,4,,,,,,,,,,,,,,,,,
STA,"(IND,X)",81,6,7,2,,,,,,,,0,,,en,,,,,,inc
,,,,,,,,,,,,,1,,din_zx,,read,,,,,
,,,,,,,,,,,,,2,,din_zxp,en,read,,,, ,
,,,,,,,,,,,,,3,,,en,,,din,,,
,,,,,,,,,,,,,4,,split,,,a_reg,,,,
,,,,,,,,,,,,,5,done,,,,,,,,
,,,,,,,,,,,,,6,,,,,,,,,
STA,"(IND),Y",91,6,7,2,,,,,,,,0,,,en,,,,,,inc
,,,,,,,,,,,,,1,,din_z,,read,,,,,
,,,,,,,,,,,,,2,,din_zp,en,read,,,,,
,,,,,,,,,,,,,3,,,en,,,din,,,
,,,,,,,,,,,,,4,,split_y,,,a_reg,,,,
,,,,,,,,,,,,,5,done,,,,,,,,
,,,,,,,,,,,,,6,,,,,,,,,
STA,Z-PAGE,85,3,4,2,,,,,,,,0,,,en,,,,,,inc
,,,,,,,,,,,,,1,,din_z,,,a_reg,,,,
,,,,,,,,,,,,,2,done,,,,,,,,,
,,,,,,,,,,,,,3,,,,,,,,,,
STA,"Z-PAGE,X",95,4,4,2,,,,,,,,0,,,en,,,,,,inc,
,,,,,,,,,,,,,1,,din_zx,,,a_reg,,,,,
,,,,,,,,,,,,,2,done,,,,,,,,,
,,,,,,,,,,,,,3,,,,,,,,,,
STA ,"ABS,X",9D,5,5,3,,,,,,,,0,,pc_p,en,read,,,,,inc,
,,,,,,,,,,,,,1,,,en,,,din,,,inc,
,,,,,,,,,,,,,2,,split_x,,,a_reg,,,,,
,,,,,,,,,,,,,3,done,,,,,,,,,
,,,,,,,,,,,,,4,,,,,,,,,,
S_IRQ,INTERNAL,43,0,0,0,,,,,,,,0,,v_irq1,,read,,,,,,
,,,,,,,,,,,,,1,,v_irq2,en,read,,,,,,
,,,,,,,,,,,,,2,,sp,en,,pch,din,,,,push
,,,,,,,,,,,,,3,,sp,,,pcl,,,,split,push
,,,,,,,,,,,,,4,,sp,,,p_reg,,,,,push
,,,,,,,,,,,,,5,,,,,,,,,,,,,,,,,SetI
,,,,,,,,,,,,,6,done,,,,,,,,,,,,,,,,
,,,,,,,,,,,,,7,,,,,,,,,,,,,,,,,
S_NMI,INTERNAL,33,0,0,0,,,,,,,,0,,v_nmi1,,read,,,,,,,,,,,,,
,,,,,,,,,,,,,1,,v_nmi2,en,read,,,,,,,,,,,,,
,,,,,,,,,,,,,2,,sp,en,,pch,din,,,,push,,,,,,,
,,,,,,,,,,,,,3,,sp,,,pcl,,,,split,push,,,,,,,
,,,,,,,,,,,,,4,,sp,,,p_reg,,,,,push,,,,,,,
,,,,,,,,,,,,,5,,,,,,,,,,,,,,,,,SetI
,,,,,,,,,,,,,6,done,,,,,,,,,,,,,,,,
,,,,,,,,,,,,,7,,,,,,,,,,,,,,,,,
STX,ABS,8E,4,5,3,,,,,,,,0,,pc_p,en,read,,,,,inc,,,,,,,,
,,,,,,,,,,,,,1,,,en,,,din,,,inc,,,,,,,,
,,,,,,,,,,,,,2,,split,,,x_reg,,,,,,,,,,,,
,,,,,,,,,,,,,3,done,,,,,,,,,,,,,,,,
,,,,,,,,,,,,,4,,,,,,,,,,,,,,,,,
STX,Z-PAGE,86,3,4,2,,,,,,,,0,,,en,,,,,,inc
,,,,,,,,,,,,,1,,din_z,,,x_reg,,,,
,,,,,,,,,,,,,2,done,,,,,,,,
,,,,,,,,,,,,,3,,,,,,,,,
STX,"Z-PAGE,Y",96,4,4,2,,,,,,,,0,,,en,,,,,,inc
,,,,,,,,,,,,,1,,din_zy,,,x_reg,,,,
,,,,,,,,,,,,,2,done,,,,,,,,
,,,,,,,,,,,,,3,,,,,,,,,
STY,ABS,8C,4,5,3,,,,,,,,0,,pc_p,en,read,,,,,inc
,,,,,,,,,,,,,1,,,en,,,din,,,inc
,,,,,,,,,,,,,2,,split,,,y_reg,,,,
,,,,,,,,,,,,,3,done,,,,,,,,
,,,,,,,,,,,,,4,,,,,,,,,
STY,Z-PAGE,84,3,4,2,,,,,,,,0,,,en,,,,,,inc
,,,,,,,,,,,,,1,,din_z,,,y_reg,,,,
,,,,,,,,,,,,,2,done,,,,,,,,
,,,,,,,,,,,,,3,,,,,,,,,,,,,,,,,
STY,"Z-PAGE,X",94,4,4,2,,,,,,,,0,,,en,,,,,,inc,,,,,,,,
,,,,,,,,,,,,,1,,din_zx,,,y_reg,,,,,,,,,,,,
,,,,,,,,,,,,,2,done,,,,,,,,,,,,,,,,
,,,,,,,,,,,,,3,,,,,,,,,,,,,,,,,
TAX,IMP,AA,2,2,1,N,,,,,Z,,0,done,,,,,,,,,,a_reg,,pass1,,le,,nz
,,,,,,,,,,,,,1,,,,,,,,,,,,,,,,,
TAY,IMP,A8,2,2,1,N,,,,,Z,,0,done,,,,,,,,,,a_reg,,pass1,,,le,nz
,,,,,,,,,,,,,1,,,,,,,,,,,,,,,,,
TSX,IMP,BA,2,2,1,N,,,,,Z,,0,done,,,,,,,,,,,sp_reg,pass2,,le,,nz
,,,,,,,,,,,,,1,,,,,,,,,,,,,,,,,
TXA,IMP,8A,2,2,1,N,,,,,Z,,0,done,,,,,,,,,,x_reg,,pass1,le,,,nz
,,,,,,,,,,,,,1,,,,,,,,,,,,,,,,,
TXS,IMP,9A,2,2,1,,,,,,,,0,done,,,,,,,,,x_reg,,,,,,,
,,,,,,,,,,,,,1,,,,,,,,,,,,,,,,,
TYA,IMP,98,2,2,1,N,,,,,Z,,0,done,,,,,,,,,,y_reg,,pass1,le,,,nz
,,,,,,,,,,,,,1,,,,
END,,,,,,,,,,,,,,,,,

,,,,,,,,,,,,,,Total instructions,,154,
,,,,,,,,,,,,,,Total Done:,,154,
,,,,,,,,,,,,,,Remaining:,,0,
,,,,,,,,,,,,,,Done %:,,100,
,,,,,,,,,,,,,,Ave. Orig. Clocks,,3.83,
,,,,,,,,,,,,,,Ave. New Clocks,,4.74,
,,,,,,,,,,,,,,Max Orig. Clocks,,7,
,,,,,,,,,,,,,,Max New Clocks,,8,
,,,,,,,,,,,,,,,,,
,,,,,,,,,,,,,,,,,
